captured_at_utc,volcano,sensor,kind,last_modified_utc,md5,size_bytes,png_path
2026-05-09T05:42:01.271475+00:00,Isluga,MODIS,VRP,2026-05-08T21:43:22+00:00,4cb8c09660b6d31995cdd746aee70fe7,60272,data/png/Isluga/20260508_214322_MODIS_VRP.png
2026-05-09T05:42:01.512334+00:00,Isluga,MODIS,logVRP,2026-05-08T21:43:24+00:00,8a98362102cfe1f0d8f080a3c5c30b0b,80072,data/png/Isluga/20260508_214324_MODIS_logVRP.png
2026-05-09T05:42:01.757716+00:00,Isluga,MODIS,Dist,2026-05-08T21:43:28+00:00,9e675a0fecc22c9d362bde945b8de85a,58743,data/png/Isluga/20260508_214328_MODIS_Dist.png
2026-05-09T05:42:02.001135+00:00,Isluga,MODIS,Latest10NTI,2026-05-08T21:43:39+00:00,6eee5cb21d2ce5e02a2050029772971f,102270,data/png/Isluga/20260508_214339_MODIS_Latest10NTI.png
2026-05-09T05:42:02.250801+00:00,Isluga,VIIRS750,VRP,2026-05-09T03:46:07+00:00,b6363ffb69366dee6fd29972d18f43a6,68051,data/png/Isluga/20260509_034607_VIIRS750_VRP.png
2026-05-09T05:42:02.489565+00:00,Isluga,VIIRS750,logVRP,2026-05-09T03:46:12+00:00,639a7212204b89b1dbc3dc6cdf9f8fcd,89720,data/png/Isluga/20260509_034612_VIIRS750_logVRP.png
2026-05-09T05:42:02.739093+00:00,Isluga,VIIRS750,Dist,2026-05-09T03:46:17+00:00,04513c958eba873f52a356517618642f,69893,data/png/Isluga/20260509_034617_VIIRS750_Dist.png
2026-05-09T05:42:02.990900+00:00,Isluga,VIIRS750,Latest10NTI,2026-05-09T03:46:35+00:00,dad04a4a2723664915f538c0550ba5f4,210428,data/png/Isluga/20260509_034635_VIIRS750_Latest10NTI.png
2026-05-09T05:42:03.230163+00:00,Isluga,VIIRS375,VRP,2026-05-09T05:04:36+00:00,4c01a34fbd8b51bf9262398031fcbf5a,129501,data/png/Isluga/20260509_050436_VIIRS375_VRP.png
2026-05-09T05:42:03.471592+00:00,Isluga,VIIRS375,logVRP,2026-05-09T05:04:39+00:00,b9a058e2b8873213d4b7bea7d86d11fb,158310,data/png/Isluga/20260509_050439_VIIRS375_logVRP.png
2026-05-09T05:42:03.714287+00:00,Isluga,VIIRS375,Dist,2026-05-09T05:04:43+00:00,96c0ddb1dd291d6edd3078adba925369,115704,data/png/Isluga/20260509_050443_VIIRS375_Dist.png
2026-05-09T05:42:03.955338+00:00,Isluga,VIIRS375,Latest10NTI,2026-05-09T01:39:12+00:00,e3af5fa998fe31d5f8f3d55933dc93de,342023,data/png/Isluga/20260509_013912_VIIRS375_Latest10NTI.png
2026-05-09T05:42:04.200265+00:00,Isluga,COMB,VRP,2026-05-09T03:46:45+00:00,125bf05394fe6e800753152c15bc74ff,143630,data/png/Isluga/20260509_034645_COMB_VRP.png
2026-05-09T05:42:04.437126+00:00,Isluga,COMB,logVRP,2026-05-09T03:46:48+00:00,6d8f413af81a9a0ba48122844350f8d7,162713,data/png/Isluga/20260509_034648_COMB_logVRP.png
2026-05-09T05:42:04.745389+00:00,Isluga,COMB,Dist,2026-05-09T03:46:54+00:00,e5d133f892076ce5c559bdc4ce1dbe15,126218,data/png/Isluga/20260509_034654_COMB_Dist.png
2026-05-09T05:42:04.980753+00:00,Lascar,MODIS,VRP,2026-05-08T21:44:19+00:00,38c3c4ffad2c11393c03648f05a0bbb6,66229,data/png/Lascar/20260508_214419_MODIS_VRP.png
2026-05-09T05:42:05.227054+00:00,Lascar,MODIS,logVRP,2026-05-08T21:44:21+00:00,635b16eee80389250a4f446a52f9674a,85563,data/png/Lascar/20260508_214421_MODIS_logVRP.png
2026-05-09T05:42:05.480169+00:00,Lascar,MODIS,Dist,2026-05-08T21:44:26+00:00,9087a0dbe82158834a51fd462bcf3d4c,63195,data/png/Lascar/20260508_214426_MODIS_Dist.png
2026-05-09T05:42:05.726952+00:00,Lascar,MODIS,Latest10NTI,2026-05-08T21:44:38+00:00,562f0bee7cb8564a9685dd4ee8c26b89,96766,data/png/Lascar/20260508_214438_MODIS_Latest10NTI.png
2026-05-09T05:42:05.972917+00:00,Lascar,VIIRS750,VRP,2026-05-09T03:47:15+00:00,9e4d7c81eeac5ee513c884d1a692a8e3,79640,data/png/Lascar/20260509_034715_VIIRS750_VRP.png
2026-05-09T05:42:06.211194+00:00,Lascar,VIIRS750,logVRP,2026-05-09T03:47:18+00:00,4420e232382ee9d132750eed8f6402d8,96020,data/png/Lascar/20260509_034718_VIIRS750_logVRP.png
2026-05-09T05:42:06.459265+00:00,Lascar,VIIRS750,Dist,2026-05-09T03:47:22+00:00,ae7bac63fa7cb7bddc1d3398860d8b36,71875,data/png/Lascar/20260509_034722_VIIRS750_Dist.png
2026-05-09T05:42:06.699663+00:00,Lascar,VIIRS750,Latest10NTI,2026-05-09T03:47:36+00:00,53fe020093ea1d513c16941e8deebc83,210744,data/png/Lascar/20260509_034736_VIIRS750_Latest10NTI.png
2026-05-09T05:42:06.936419+00:00,Lascar,VIIRS375,VRP,2026-05-09T05:05:05+00:00,3ded2b68eb75c748928efde6b61c036f,128244,data/png/Lascar/20260509_050505_VIIRS375_VRP.png
2026-05-09T05:42:07.181601+00:00,Lascar,VIIRS375,logVRP,2026-05-09T05:05:06+00:00,d2817876e52c74d885ad2810e878029f,151575,data/png/Lascar/20260509_050506_VIIRS375_logVRP.png
2026-05-09T05:42:07.417845+00:00,Lascar,VIIRS375,Dist,2026-05-09T05:05:11+00:00,d9d668656c90dffc6b42c5803d40aaba,107817,data/png/Lascar/20260509_050511_VIIRS375_Dist.png
2026-05-09T05:42:07.689406+00:00,Lascar,VIIRS375,Latest10NTI,2026-05-09T01:40:30+00:00,47afce35d4f7add6f1fdeb4f325f24da,334371,data/png/Lascar/20260509_014030_VIIRS375_Latest10NTI.png
2026-05-09T05:42:07.934850+00:00,Lascar,COMB,VRP,2026-05-09T03:47:46+00:00,5b0dd077387b1f27a645e7486e48d63d,132115,data/png/Lascar/20260509_034746_COMB_VRP.png
2026-05-09T05:42:08.183008+00:00,Lascar,COMB,logVRP,2026-05-09T03:47:50+00:00,2926dcce036589cd5cd9299f2d7c83dc,159583,data/png/Lascar/20260509_034750_COMB_logVRP.png
2026-05-09T05:42:08.421665+00:00,Lascar,COMB,Dist,2026-05-09T03:47:58+00:00,9facc984d4cbb9e88e41afcc0869d99f,121960,data/png/Lascar/20260509_034758_COMB_Dist.png
2026-05-09T05:42:08.660396+00:00,Lastarria,MODIS,VRP,2026-05-09T04:25:58+00:00,996bc38a0d212e43f08d6b840d5b4ff6,58430,data/png/Lastarria/20260509_042558_MODIS_VRP.png
2026-05-09T05:42:08.901615+00:00,Lastarria,MODIS,logVRP,2026-05-09T04:26:02+00:00,6e1fce2afb7f56d80c71f244b0be7149,79609,data/png/Lastarria/20260509_042602_MODIS_logVRP.png
2026-05-09T05:42:09.137699+00:00,Lastarria,MODIS,Dist,2026-05-09T04:26:09+00:00,0b13f09dcd18edd3e9861dbb9ff8b3e1,57769,data/png/Lastarria/20260509_042609_MODIS_Dist.png
2026-05-09T05:42:09.377102+00:00,Lastarria,MODIS,Latest10NTI,2026-05-09T04:26:30+00:00,a1b95c520277d47c6e4d1e4638486d10,98027,data/png/Lastarria/20260509_042630_MODIS_Latest10NTI.png
2026-05-09T05:42:09.615859+00:00,Lastarria,VIIRS750,VRP,2026-05-09T03:48:22+00:00,fa730e4e1c9ad964dc6c0a9a14d24a48,58179,data/png/Lastarria/20260509_034822_VIIRS750_VRP.png
2026-05-09T05:42:09.854573+00:00,Lastarria,VIIRS750,logVRP,2026-05-09T03:48:26+00:00,88a7c3fe3afd10eb3746976494b9b5e3,78530,data/png/Lastarria/20260509_034826_VIIRS750_logVRP.png
2026-05-09T05:42:10.101749+00:00,Lastarria,VIIRS750,Dist,2026-05-09T03:48:31+00:00,92c859983cadb6e0d0cdf6012f4e9d02,57566,data/png/Lastarria/20260509_034831_VIIRS750_Dist.png
2026-05-09T05:42:10.341858+00:00,Lastarria,VIIRS750,Latest10NTI,2026-05-09T03:48:45+00:00,147a408bbe4d180a4e23316c025d24d1,238551,data/png/Lastarria/20260509_034845_VIIRS750_Latest10NTI.png
2026-05-09T05:42:10.579470+00:00,Lastarria,VIIRS375,VRP,2026-05-09T05:05:37+00:00,e98aa9a0edffaf4b53067066b769fdea,123886,data/png/Lastarria/20260509_050537_VIIRS375_VRP.png
2026-05-09T05:42:10.822520+00:00,Lastarria,VIIRS375,logVRP,2026-05-09T05:05:39+00:00,8ec2617ee88a01debec0af36b9455bf7,151851,data/png/Lastarria/20260509_050539_VIIRS375_logVRP.png
2026-05-09T05:42:11.060339+00:00,Lastarria,VIIRS375,Dist,2026-05-09T05:05:43+00:00,207441301519bbd1e7963905b25e4a2e,111197,data/png/Lastarria/20260509_050543_VIIRS375_Dist.png
2026-05-09T05:42:11.305404+00:00,Lastarria,VIIRS375,Latest10NTI,2026-05-09T05:05:53+00:00,1945b76f25093939f267b176fe24e7a2,375952,data/png/Lastarria/20260509_050553_VIIRS375_Latest10NTI.png
2026-05-09T05:42:11.548329+00:00,Lastarria,COMB,VRP,2026-05-09T05:06:02+00:00,33c31a5f2cde7149c76663c66c81206c,146754,data/png/Lastarria/20260509_050602_COMB_VRP.png
2026-05-09T05:42:11.787180+00:00,Lastarria,COMB,logVRP,2026-05-09T05:06:06+00:00,a1ffbe0c774aed52e89bc20ed5cf060d,161021,data/png/Lastarria/20260509_050606_COMB_logVRP.png
2026-05-09T05:42:12.030674+00:00,Lastarria,COMB,Dist,2026-05-09T05:06:13+00:00,a48b3e989f348d9d6abbdb227c48d506,127921,data/png/Lastarria/20260509_050613_COMB_Dist.png
2026-05-09T05:42:12.269157+00:00,Tupungatito,MODIS,VRP,2026-05-09T04:27:09+00:00,1120e9f0f1d0494ccba4582b61b2b3b9,59841,data/png/Tupungatito/20260509_042709_MODIS_VRP.png
2026-05-09T05:42:12.506622+00:00,Tupungatito,MODIS,logVRP,2026-05-09T04:27:11+00:00,e232b6c28d4e55e8270c685e88edea82,79376,data/png/Tupungatito/20260509_042711_MODIS_logVRP.png
2026-05-09T05:42:12.741967+00:00,Tupungatito,MODIS,Dist,2026-05-09T04:27:18+00:00,63646db3dcedb21025883517b9d22040,58443,data/png/Tupungatito/20260509_042718_MODIS_Dist.png
2026-05-09T05:42:12.977437+00:00,Tupungatito,MODIS,Latest10NTI,2026-05-09T04:27:33+00:00,1ccac478e5bd477c787b2c966c5146aa,94366,data/png/Tupungatito/20260509_042733_MODIS_Latest10NTI.png
2026-05-09T05:42:13.218029+00:00,Tupungatito,VIIRS750,VRP,2026-05-09T03:41:10+00:00,44594041347410c658eaa57f0342ca4d,71080,data/png/Tupungatito/20260509_034110_VIIRS750_VRP.png
2026-05-09T05:42:13.460354+00:00,Tupungatito,VIIRS750,logVRP,2026-05-09T03:41:16+00:00,48634a8979612c18346635d0beb061fb,92510,data/png/Tupungatito/20260509_034116_VIIRS750_logVRP.png
2026-05-09T05:42:13.697241+00:00,Tupungatito,VIIRS750,Dist,2026-05-09T03:41:22+00:00,72c2275e088798e0cba0a08dde03c20f,71218,data/png/Tupungatito/20260509_034122_VIIRS750_Dist.png
2026-05-09T05:42:13.938024+00:00,Tupungatito,VIIRS750,Latest10NTI,2026-05-09T03:41:36+00:00,530a5d9675d1d177d7a0a9f2af737494,253178,data/png/Tupungatito/20260509_034136_VIIRS750_Latest10NTI.png
2026-05-09T05:42:14.174121+00:00,Tupungatito,VIIRS375,VRP,2026-05-09T05:12:12+00:00,a82902d5571ab9832a6b3a9ea53046e3,123391,data/png/Tupungatito/20260509_051212_VIIRS375_VRP.png
2026-05-09T05:42:14.410875+00:00,Tupungatito,VIIRS375,logVRP,2026-05-09T05:12:14+00:00,46fd43a7a1daecc23d1b913296cd62ef,154595,data/png/Tupungatito/20260509_051214_VIIRS375_logVRP.png
2026-05-09T05:42:14.653989+00:00,Tupungatito,VIIRS375,Dist,2026-05-09T05:12:19+00:00,a60d68618dd90579bb2654f646cd28a9,115988,data/png/Tupungatito/20260509_051219_VIIRS375_Dist.png
2026-05-09T05:42:14.904070+00:00,Tupungatito,VIIRS375,Latest10NTI,2026-05-09T05:12:31+00:00,498dc47839bf5e3d0a39d7231a9bd73d,377860,data/png/Tupungatito/20260509_051231_VIIRS375_Latest10NTI.png
2026-05-09T05:42:15.145165+00:00,Tupungatito,COMB,VRP,2026-05-09T05:12:39+00:00,4326b789b70bb66fe91fa0530044f451,139756,data/png/Tupungatito/20260509_051239_COMB_VRP.png
2026-05-09T05:42:15.384762+00:00,Tupungatito,COMB,logVRP,2026-05-09T05:12:41+00:00,b0c57a9fb480b65481a068225cc9775b,168227,data/png/Tupungatito/20260509_051241_COMB_logVRP.png
2026-05-09T05:42:15.631111+00:00,Tupungatito,COMB,Dist,2026-05-09T05:12:47+00:00,84082ce3454ec16b38c30dac08c07d75,129865,data/png/Tupungatito/20260509_051247_COMB_Dist.png
2026-05-09T05:42:15.873426+00:00,PlanchonPeteroa,MODIS,VRP,2026-05-09T03:55:41+00:00,aa1ff57f2acd274e80fa791d3484b8cb,61773,data/png/PlanchonPeteroa/20260509_035541_MODIS_VRP.png
2026-05-09T05:42:16.113443+00:00,PlanchonPeteroa,MODIS,logVRP,2026-05-09T03:55:44+00:00,2756dd6d74c5e83fd34d1beaff8bc640,80755,data/png/PlanchonPeteroa/20260509_035544_MODIS_logVRP.png
2026-05-09T05:42:16.350140+00:00,PlanchonPeteroa,MODIS,Dist,2026-05-09T03:55:49+00:00,14be3428b68a8ed75e0b85660c2e8418,59040,data/png/PlanchonPeteroa/20260509_035549_MODIS_Dist.png
2026-05-09T05:42:16.597072+00:00,PlanchonPeteroa,MODIS,Latest10NTI,2026-05-09T03:56:01+00:00,97cd6ada08a8b6f4ff567f20be081bf5,99950,data/png/PlanchonPeteroa/20260509_035601_MODIS_Latest10NTI.png
2026-05-09T05:42:16.858381+00:00,PlanchonPeteroa,VIIRS750,VRP,2026-05-09T03:32:49+00:00,cf40d37c8093af76f09cfa9ca1ddf1ca,71738,data/png/PlanchonPeteroa/20260509_033249_VIIRS750_VRP.png
2026-05-09T05:42:17.097471+00:00,PlanchonPeteroa,VIIRS750,logVRP,2026-05-09T03:32:53+00:00,28c17b8cfda9ce22f3e1706aac244c28,92067,data/png/PlanchonPeteroa/20260509_033253_VIIRS750_logVRP.png
2026-05-09T05:42:17.332889+00:00,PlanchonPeteroa,VIIRS750,Dist,2026-05-09T03:33:02+00:00,2aaf82e8e269367f13b00b6ae3fb0919,70554,data/png/PlanchonPeteroa/20260509_033302_VIIRS750_Dist.png
2026-05-09T05:42:17.575539+00:00,PlanchonPeteroa,VIIRS750,Latest10NTI,2026-05-09T03:33:23+00:00,1b9bac64e1c92fb6ebcacb0f384ed8a6,253665,data/png/PlanchonPeteroa/20260509_033323_VIIRS750_Latest10NTI.png
2026-05-09T05:42:17.817547+00:00,PlanchonPeteroa,VIIRS375,VRP,2026-05-09T05:06:34+00:00,2808fc9b0b489a6ae731074f98fc214f,122007,data/png/PlanchonPeteroa/20260509_050634_VIIRS375_VRP.png
2026-05-09T05:42:18.063542+00:00,PlanchonPeteroa,VIIRS375,logVRP,2026-05-09T05:06:37+00:00,05efc451d3230d00a3ccbb4c2faba4a5,156920,data/png/PlanchonPeteroa/20260509_050637_VIIRS375_logVRP.png
2026-05-09T05:42:18.303493+00:00,PlanchonPeteroa,VIIRS375,Dist,2026-05-09T05:06:42+00:00,1e7b0c4e51a9b6c74b5ade6d945cd53e,117430,data/png/PlanchonPeteroa/20260509_050642_VIIRS375_Dist.png
2026-05-09T05:42:18.545183+00:00,PlanchonPeteroa,VIIRS375,Latest10NTI,2026-05-09T05:06:54+00:00,1b7141c5385a6354268a2fba96a5b8ed,405502,data/png/PlanchonPeteroa/20260509_050654_VIIRS375_Latest10NTI.png
2026-05-09T05:42:18.784110+00:00,PlanchonPeteroa,COMB,VRP,2026-05-09T05:07:03+00:00,ed5d27a88e7eb2dce4b447950cd6f1d3,126624,data/png/PlanchonPeteroa/20260509_050703_COMB_VRP.png
2026-05-09T05:42:19.032930+00:00,PlanchonPeteroa,COMB,logVRP,2026-05-09T05:07:06+00:00,55b6bc035e4e8ff24ddab9be22246902,161062,data/png/PlanchonPeteroa/20260509_050706_COMB_logVRP.png
2026-05-09T05:42:19.270685+00:00,PlanchonPeteroa,COMB,Dist,2026-05-09T05:07:13+00:00,bcd497164cadc243feb5798a84268ffc,123970,data/png/PlanchonPeteroa/20260509_050713_COMB_Dist.png
2026-05-09T05:42:19.508767+00:00,ChillanNevadosde,MODIS,VRP,2026-05-09T03:56:41+00:00,699d266f1a908723305212056970724c,60578,data/png/ChillanNevadosde/20260509_035641_MODIS_VRP.png
2026-05-09T05:42:19.750143+00:00,ChillanNevadosde,MODIS,logVRP,2026-05-09T03:56:43+00:00,d150c26025acdf0e4c3458dab1bec19f,82449,data/png/ChillanNevadosde/20260509_035643_MODIS_logVRP.png
2026-05-09T05:42:19.988768+00:00,ChillanNevadosde,MODIS,Dist,2026-05-09T03:56:49+00:00,bb3bb5bc4f3e1d1ccc9a947f657b809e,60962,data/png/ChillanNevadosde/20260509_035649_MODIS_Dist.png
2026-05-09T05:42:20.226219+00:00,ChillanNevadosde,MODIS,Latest10NTI,2026-05-09T03:57:05+00:00,4c3facdf58269e8e12ac85a9a729af75,97472,data/png/ChillanNevadosde/20260509_035705_MODIS_Latest10NTI.png
2026-05-09T05:42:20.465035+00:00,ChillanNevadosde,VIIRS750,VRP,2026-05-09T03:34:12+00:00,42f84c0b76be4e8bd293ab9a01db2e14,71461,data/png/ChillanNevadosde/20260509_033412_VIIRS750_VRP.png
2026-05-09T05:42:20.710944+00:00,ChillanNevadosde,VIIRS750,logVRP,2026-05-09T03:34:15+00:00,01ac68f52a8c88957aa303648a687fb4,94038,data/png/ChillanNevadosde/20260509_033415_VIIRS750_logVRP.png
2026-05-09T05:42:20.949008+00:00,ChillanNevadosde,VIIRS750,Dist,2026-05-09T03:34:20+00:00,90067cafaf54b6093de10e0949bf0503,71391,data/png/ChillanNevadosde/20260509_033420_VIIRS750_Dist.png
2026-05-09T05:42:21.185938+00:00,ChillanNevadosde,VIIRS750,Latest10NTI,2026-05-09T03:34:36+00:00,7c37528e3247de30cea9f86e42b46414,244774,data/png/ChillanNevadosde/20260509_033436_VIIRS750_Latest10NTI.png
2026-05-09T05:42:21.429715+00:00,ChillanNevadosde,VIIRS375,VRP,2026-05-09T05:07:38+00:00,844e611408c05148dcb102e60c63136c,111234,data/png/ChillanNevadosde/20260509_050738_VIIRS375_VRP.png
2026-05-09T05:42:21.673763+00:00,ChillanNevadosde,VIIRS375,logVRP,2026-05-09T05:07:42+00:00,6f834825fa74d6f98db00a44e69bb283,147995,data/png/ChillanNevadosde/20260509_050742_VIIRS375_logVRP.png
2026-05-09T05:42:21.917760+00:00,ChillanNevadosde,VIIRS375,Dist,2026-05-09T05:07:46+00:00,45155dc7695ab1fa367abf36fb7c4176,112286,data/png/ChillanNevadosde/20260509_050746_VIIRS375_Dist.png
2026-05-09T05:42:22.158677+00:00,ChillanNevadosde,VIIRS375,Latest10NTI,2026-05-09T05:08:09+00:00,3e501b6a495efd553862bc89ae263343,395561,data/png/ChillanNevadosde/20260509_050809_VIIRS375_Latest10NTI.png
2026-05-09T05:42:22.399110+00:00,ChillanNevadosde,COMB,VRP,2026-05-09T05:08:26+00:00,86b2ad75dda53c317a70d16e5d240e00,111785,data/png/ChillanNevadosde/20260509_050826_COMB_VRP.png
2026-05-09T05:42:22.636826+00:00,ChillanNevadosde,COMB,logVRP,2026-05-09T05:08:29+00:00,55315e83391a967aa201675481e40262,142491,data/png/ChillanNevadosde/20260509_050829_COMB_logVRP.png
2026-05-09T05:42:22.875820+00:00,ChillanNevadosde,COMB,Dist,2026-05-09T05:08:37+00:00,890ebf34f0b6799913941fa79458e760,114919,data/png/ChillanNevadosde/20260509_050837_COMB_Dist.png
2026-05-09T05:42:23.111769+00:00,Copahue,MODIS,VRP,2026-05-09T03:57:43+00:00,12302b1a2de076645e100ac79790110d,60714,data/png/Copahue/20260509_035743_MODIS_VRP.png
2026-05-09T05:42:23.349730+00:00,Copahue,MODIS,logVRP,2026-05-09T03:57:45+00:00,7f3761479d04073ed13f2bbf42d7d23e,82808,data/png/Copahue/20260509_035745_MODIS_logVRP.png
2026-05-09T05:42:23.594346+00:00,Copahue,MODIS,Dist,2026-05-09T03:57:51+00:00,f064a597720686e30f6be5cf7427d70d,61050,data/png/Copahue/20260509_035751_MODIS_Dist.png
2026-05-09T05:42:23.838209+00:00,Copahue,MODIS,Latest10NTI,2026-05-09T03:58:06+00:00,5264a14d58282fcd52c91a8684abb3e8,101675,data/png/Copahue/20260509_035806_MODIS_Latest10NTI.png
2026-05-09T05:42:24.077242+00:00,Copahue,VIIRS750,VRP,2026-05-09T03:35:47+00:00,4edf0d1211c244d2a0bb1ac375365c25,71370,data/png/Copahue/20260509_033547_VIIRS750_VRP.png
2026-05-09T05:42:24.314778+00:00,Copahue,VIIRS750,logVRP,2026-05-09T03:35:51+00:00,51a44d600403f6fc8884f551e24df66d,91320,data/png/Copahue/20260509_033551_VIIRS750_logVRP.png
2026-05-09T05:42:24.553447+00:00,Copahue,VIIRS750,Dist,2026-05-09T03:35:59+00:00,5cb31b965522404668ee22ad4759df14,69061,data/png/Copahue/20260509_033559_VIIRS750_Dist.png
2026-05-09T05:42:24.794381+00:00,Copahue,VIIRS750,Latest10NTI,2026-05-09T03:36:18+00:00,6109abd9332f3ae2d5c03988b434c264,241513,data/png/Copahue/20260509_033618_VIIRS750_Latest10NTI.png
2026-05-09T05:42:25.034028+00:00,Copahue,VIIRS375,VRP,2026-05-09T05:09:02+00:00,3c4af167e585ebad539810eb5f3d097c,104871,data/png/Copahue/20260509_050902_VIIRS375_VRP.png
2026-05-09T05:42:25.273896+00:00,Copahue,VIIRS375,logVRP,2026-05-09T05:09:07+00:00,206670c939ccd352a07f12f9e5b1026b,138070,data/png/Copahue/20260509_050907_VIIRS375_logVRP.png
2026-05-09T05:42:25.510771+00:00,Copahue,VIIRS375,Dist,2026-05-09T05:09:14+00:00,62f486cc6d55995be8e8ba053811278c,104198,data/png/Copahue/20260509_050914_VIIRS375_Dist.png
2026-05-09T05:42:25.755573+00:00,Copahue,VIIRS375,Latest10NTI,2026-05-09T05:09:32+00:00,13ccb03dd846c19c823dde2f6d91b8c5,381535,data/png/Copahue/20260509_050932_VIIRS375_Latest10NTI.png
2026-05-09T05:42:26.003277+00:00,Copahue,COMB,VRP,2026-05-09T05:09:42+00:00,57b7d80d469bc0b429a325ed70f80e7a,111092,data/png/Copahue/20260509_050942_COMB_VRP.png
2026-05-09T05:42:26.241778+00:00,Copahue,COMB,logVRP,2026-05-09T05:09:45+00:00,291819b2bd5f2892c928541198cb83a5,144479,data/png/Copahue/20260509_050945_COMB_logVRP.png
2026-05-09T05:42:26.487835+00:00,Copahue,COMB,Dist,2026-05-09T05:09:52+00:00,98ce8bed356b6bf92e0d78581b5f31fa,113724,data/png/Copahue/20260509_050952_COMB_Dist.png
2026-05-09T05:42:26.741147+00:00,Llaima,MODIS,VRP,2026-05-09T03:58:48+00:00,4e1897cbcf028de8b804ea921dbcd731,59965,data/png/Llaima/20260509_035848_MODIS_VRP.png
2026-05-09T05:42:26.979638+00:00,Llaima,MODIS,logVRP,2026-05-09T03:58:52+00:00,e437e6ad93de5325b916fd1dd286a3af,81744,data/png/Llaima/20260509_035852_MODIS_logVRP.png
2026-05-09T05:42:27.215781+00:00,Llaima,MODIS,Dist,2026-05-09T03:58:57+00:00,7bc64906defe5d54e63721a8d843e11b,59755,data/png/Llaima/20260509_035857_MODIS_Dist.png
2026-05-09T05:42:27.454636+00:00,Llaima,MODIS,Latest10NTI,2026-05-09T03:59:15+00:00,94d326298a081262482e7b0559089a97,106018,data/png/Llaima/20260509_035915_MODIS_Latest10NTI.png
2026-05-09T05:42:27.693548+00:00,Llaima,VIIRS750,VRP,2026-05-09T03:37:00+00:00,589e160c177de079ad44feb59f139f93,72511,data/png/Llaima/20260509_033700_VIIRS750_VRP.png
2026-05-09T05:42:27.931834+00:00,Llaima,VIIRS750,logVRP,2026-05-09T03:37:02+00:00,40637860acb187d57fc6d33c422805ea,91718,data/png/Llaima/20260509_033702_VIIRS750_logVRP.png
2026-05-09T05:42:28.173186+00:00,Llaima,VIIRS750,Dist,2026-05-09T03:37:07+00:00,7c6faa849ee865231b80a255ffbbd834,69066,data/png/Llaima/20260509_033707_VIIRS750_Dist.png
2026-05-09T05:42:28.414307+00:00,Llaima,VIIRS750,Latest10NTI,2026-05-09T03:37:17+00:00,0a76118ac7c313b9b711ced2063f142f,243707,data/png/Llaima/20260509_033717_VIIRS750_Latest10NTI.png
2026-05-09T05:42:28.653167+00:00,Llaima,VIIRS375,VRP,2026-05-09T05:10:11+00:00,c941b323ea53c8f1e2cb6e1c2f68ab50,108006,data/png/Llaima/20260509_051011_VIIRS375_VRP.png
2026-05-09T05:42:28.898067+00:00,Llaima,VIIRS375,logVRP,2026-05-09T05:10:14+00:00,e710fffcba145c5de7ca227fadfb21ca,137829,data/png/Llaima/20260509_051014_VIIRS375_logVRP.png
2026-05-09T05:42:29.136041+00:00,Llaima,VIIRS375,Dist,2026-05-09T05:10:20+00:00,86ae264ce4b1ca9986ce3aefe7501eef,102883,data/png/Llaima/20260509_051020_VIIRS375_Dist.png
2026-05-09T05:42:29.380195+00:00,Llaima,VIIRS375,Latest10NTI,2026-05-09T05:10:31+00:00,214cda14e751a4ea341518df2cd2b35f,393198,data/png/Llaima/20260509_051031_VIIRS375_Latest10NTI.png
2026-05-09T05:42:29.622039+00:00,Llaima,COMB,VRP,2026-05-09T05:10:42+00:00,f76e0d514272cfa5367275ed7d196e66,105961,data/png/Llaima/20260509_051042_COMB_VRP.png
2026-05-09T05:42:29.861201+00:00,Llaima,COMB,logVRP,2026-05-09T05:10:45+00:00,70223781737a1812b1cde720fb87dbd6,133510,data/png/Llaima/20260509_051045_COMB_logVRP.png
2026-05-09T05:42:30.100755+00:00,Llaima,COMB,Dist,2026-05-09T05:10:51+00:00,523107321874c782297504ebd7393855,105999,data/png/Llaima/20260509_051051_COMB_Dist.png
2026-05-09T05:42:30.338389+00:00,Villarrica,MODIS,VRP,2026-05-09T04:00:04+00:00,0fe252fab9f4b94b82ce4ec614c3bfde,59492,data/png/Villarrica/20260509_040004_MODIS_VRP.png
2026-05-09T05:42:30.576404+00:00,Villarrica,MODIS,logVRP,2026-05-09T04:00:06+00:00,b1ef60b28ae4d07c71a6e7c119cd3751,80063,data/png/Villarrica/20260509_040006_MODIS_logVRP.png
2026-05-09T05:42:30.822251+00:00,Villarrica,MODIS,Dist,2026-05-09T04:00:13+00:00,17992b322d57076316c13ddd21470c95,59530,data/png/Villarrica/20260509_040013_MODIS_Dist.png
2026-05-09T05:42:31.061336+00:00,Villarrica,MODIS,Latest10NTI,2026-05-09T04:00:31+00:00,7aadeb9bf2eb76ff38595bcf04fa3fbb,99770,data/png/Villarrica/20260509_040031_MODIS_Latest10NTI.png
2026-05-09T05:42:31.299859+00:00,Villarrica,VIIRS750,VRP,2026-05-09T03:37:56+00:00,569de1d5f45572527fcf38b4b6050725,70658,data/png/Villarrica/20260509_033756_VIIRS750_VRP.png
2026-05-09T05:42:31.538238+00:00,Villarrica,VIIRS750,logVRP,2026-05-09T03:37:58+00:00,5e22d2f60bf82431f9bbfbc8d24de833,90896,data/png/Villarrica/20260509_033758_VIIRS750_logVRP.png
2026-05-09T05:42:31.773825+00:00,Villarrica,VIIRS750,Dist,2026-05-09T03:38:03+00:00,a3e628ca5f6d3dd89a0380477542f41f,68731,data/png/Villarrica/20260509_033803_VIIRS750_Dist.png
2026-05-09T05:42:32.012184+00:00,Villarrica,VIIRS750,Latest10NTI,2026-05-09T03:38:20+00:00,a2f1e8b526302c1b2274af3dec17d466,244554,data/png/Villarrica/20260509_033820_VIIRS750_Latest10NTI.png
2026-05-09T05:42:32.248012+00:00,Villarrica,VIIRS375,VRP,2026-05-09T05:11:12+00:00,a3cb7741f6967f3471fbb1834bbc7cde,105695,data/png/Villarrica/20260509_051112_VIIRS375_VRP.png
2026-05-09T05:42:32.485701+00:00,Villarrica,VIIRS375,logVRP,2026-05-09T05:11:15+00:00,5fba0b90b9b28dd190eb19fad33624b7,134222,data/png/Villarrica/20260509_051115_VIIRS375_logVRP.png
2026-05-09T05:42:32.722934+00:00,Villarrica,VIIRS375,Dist,2026-05-09T05:11:20+00:00,85206cdbdfeb31f31c03362a45c55f4b,101550,data/png/Villarrica/20260509_051120_VIIRS375_Dist.png
2026-05-09T05:42:32.967787+00:00,Villarrica,VIIRS375,Latest10NTI,2026-05-09T05:11:30+00:00,46401ff09ed76e3786d57f4682f274c0,392015,data/png/Villarrica/20260509_051130_VIIRS375_Latest10NTI.png
2026-05-09T05:42:33.207820+00:00,Villarrica,COMB,VRP,2026-05-09T05:11:38+00:00,9fda597e9c80d5747a3411cff7db2da4,105407,data/png/Villarrica/20260509_051138_COMB_VRP.png
2026-05-09T05:42:33.446630+00:00,Villarrica,COMB,logVRP,2026-05-09T05:11:41+00:00,3d70c4c23acd181947cbcd1f394bac1b,137917,data/png/Villarrica/20260509_051141_COMB_logVRP.png
2026-05-09T05:42:33.686344+00:00,Villarrica,COMB,Dist,2026-05-09T05:11:49+00:00,fb7c5553ec331b3a1685f71e28c5dd68,105464,data/png/Villarrica/20260509_051149_COMB_Dist.png
2026-05-09T05:42:33.923802+00:00,PuyehueCordonCaulle,MODIS,VRP,2026-05-09T04:01:17+00:00,c5afe72063cb38d6292ecbc22cd98f69,60731,data/png/PuyehueCordonCaulle/20260509_040117_MODIS_VRP.png
2026-05-09T05:42:34.163988+00:00,PuyehueCordonCaulle,MODIS,logVRP,2026-05-09T04:01:20+00:00,3dff6a75dea10c672c41ed94a6dd1516,82467,data/png/PuyehueCordonCaulle/20260509_040120_MODIS_logVRP.png
2026-05-09T05:42:34.404346+00:00,PuyehueCordonCaulle,MODIS,Dist,2026-05-09T04:01:25+00:00,1d833ff24a248491a3ae3e43a5261204,61637,data/png/PuyehueCordonCaulle/20260509_040125_MODIS_Dist.png
2026-05-09T05:42:34.644103+00:00,PuyehueCordonCaulle,MODIS,Latest10NTI,2026-05-09T04:01:39+00:00,9d950ce294d5ecf47472a478ec525a89,100622,data/png/PuyehueCordonCaulle/20260509_040139_MODIS_Latest10NTI.png
2026-05-09T05:42:34.884931+00:00,PuyehueCordonCaulle,VIIRS750,VRP,2026-05-09T03:39:05+00:00,a801235efacc27ec37c8956201e2a759,76815,data/png/PuyehueCordonCaulle/20260509_033905_VIIRS750_VRP.png
2026-05-09T05:42:35.127864+00:00,PuyehueCordonCaulle,VIIRS750,logVRP,2026-05-09T03:39:09+00:00,161d8cd72836fe5a03d2a8ee32610fa9,94344,data/png/PuyehueCordonCaulle/20260509_033909_VIIRS750_logVRP.png
2026-05-09T05:42:35.365735+00:00,PuyehueCordonCaulle,VIIRS750,Dist,2026-05-09T03:39:15+00:00,1cd02c38be71d60d949d45a89062bff9,74343,data/png/PuyehueCordonCaulle/20260509_033915_VIIRS750_Dist.png
2026-05-09T05:42:35.606863+00:00,PuyehueCordonCaulle,VIIRS750,Latest10NTI,2026-05-09T03:39:33+00:00,818d51427924a9c28abc534cdf8b699a,251832,data/png/PuyehueCordonCaulle/20260509_033933_VIIRS750_Latest10NTI.png
2026-05-09T05:42:35.846965+00:00,PuyehueCordonCaulle,VIIRS375,VRP,2026-05-09T05:02:19+00:00,589407c82611be6f6d1e11127fabc17c,118096,data/png/PuyehueCordonCaulle/20260509_050219_VIIRS375_VRP.png
2026-05-09T05:42:36.094478+00:00,PuyehueCordonCaulle,VIIRS375,logVRP,2026-05-09T05:02:21+00:00,1f490b9f5a84e4e5341e60bdf96aec3d,147682,data/png/PuyehueCordonCaulle/20260509_050221_VIIRS375_logVRP.png
2026-05-09T05:42:36.344217+00:00,PuyehueCordonCaulle,VIIRS375,Dist,2026-05-09T05:02:26+00:00,be80f4c2f1491db8bd518df1f23aff62,110117,data/png/PuyehueCordonCaulle/20260509_050226_VIIRS375_Dist.png
2026-05-09T05:42:36.609494+00:00,PuyehueCordonCaulle,VIIRS375,Latest10NTI,2026-05-09T05:02:34+00:00,3ba0256468291cab2b84fdcd1661163d,386927,data/png/PuyehueCordonCaulle/20260509_050234_VIIRS375_Latest10NTI.png
2026-05-09T05:42:36.856780+00:00,PuyehueCordonCaulle,COMB,VRP,2026-05-09T05:02:45+00:00,154682b3bbc3bb3a88eab5675354bf53,127107,data/png/PuyehueCordonCaulle/20260509_050245_COMB_VRP.png
2026-05-09T05:42:37.097521+00:00,PuyehueCordonCaulle,COMB,logVRP,2026-05-09T05:02:48+00:00,cfdcf468fb6f1986996f4cc2a698404d,154740,data/png/PuyehueCordonCaulle/20260509_050248_COMB_logVRP.png
2026-05-09T05:42:37.357509+00:00,PuyehueCordonCaulle,COMB,Dist,2026-05-09T05:02:53+00:00,0a6f64f3878cb741a17b990a3007876c,114612,data/png/PuyehueCordonCaulle/20260509_050253_COMB_Dist.png
2026-05-09T05:42:37.597141+00:00,Chaiten,MODIS,VRP,2026-05-09T04:02:18+00:00,b73c5c8b872f7f4c8ff57a562479eb14,58460,data/png/Chaiten/20260509_040218_MODIS_VRP.png
2026-05-09T05:42:37.846784+00:00,Chaiten,MODIS,logVRP,2026-05-09T04:02:20+00:00,1adef9f4b17679b32a3b0a172e493ada,80001,data/png/Chaiten/20260509_040220_MODIS_logVRP.png
2026-05-09T05:42:38.082988+00:00,Chaiten,MODIS,Dist,2026-05-09T04:02:25+00:00,7bf56bd4fb0432df5463fe3080106faa,58791,data/png/Chaiten/20260509_040225_MODIS_Dist.png
2026-05-09T05:42:38.323143+00:00,Chaiten,MODIS,Latest10NTI,2026-05-09T04:02:37+00:00,bb648a135d333f5dc3749929e1f920e0,97226,data/png/Chaiten/20260509_040237_MODIS_Latest10NTI.png
2026-05-09T05:42:38.563615+00:00,Chaiten,VIIRS750,VRP,2026-05-09T03:40:20+00:00,990a5270fa919fa7eedb6762747d5e33,65026,data/png/Chaiten/20260509_034020_VIIRS750_VRP.png
2026-05-09T05:42:38.803450+00:00,Chaiten,VIIRS750,logVRP,2026-05-09T03:40:24+00:00,d05e753279210d9ceb71b7dc54512f13,86941,data/png/Chaiten/20260509_034024_VIIRS750_logVRP.png
2026-05-09T05:42:39.039365+00:00,Chaiten,VIIRS750,Dist,2026-05-09T03:40:32+00:00,8d40e6385d08785b7be3ca13a37a37df,65326,data/png/Chaiten/20260509_034032_VIIRS750_Dist.png
2026-05-09T05:42:39.280781+00:00,Chaiten,VIIRS750,Latest10NTI,2026-05-09T01:03:36+00:00,a645061c38640a9c326fa4f13fa1b8bc,222965,data/png/Chaiten/20260509_010336_VIIRS750_Latest10NTI.png
2026-05-09T05:42:39.520443+00:00,Chaiten,VIIRS375,VRP,2026-05-09T05:03:10+00:00,625fa41804d3a4d1f1cb3fefdf93bea7,104866,data/png/Chaiten/20260509_050310_VIIRS375_VRP.png
2026-05-09T05:42:39.758130+00:00,Chaiten,VIIRS375,logVRP,2026-05-09T05:03:12+00:00,692762a5e160e13f5d62b054ceb8f353,135860,data/png/Chaiten/20260509_050312_VIIRS375_logVRP.png
2026-05-09T05:42:39.992700+00:00,Chaiten,VIIRS375,Dist,2026-05-09T05:03:16+00:00,b773000d6041c2b570ae7b4d6f6ec77a,101957,data/png/Chaiten/20260509_050316_VIIRS375_Dist.png
2026-05-09T05:42:40.233220+00:00,Chaiten,VIIRS375,Latest10NTI,2026-05-09T05:03:25+00:00,ae7be026badd5a2db38e5156447a72fc,336236,data/png/Chaiten/20260509_050325_VIIRS375_Latest10NTI.png
2026-05-09T05:42:40.473794+00:00,Chaiten,COMB,VRP,2026-05-09T05:03:35+00:00,6598038d6a02b58c62a7c805b415b987,103761,data/png/Chaiten/20260509_050335_COMB_VRP.png
2026-05-09T05:42:40.714231+00:00,Chaiten,COMB,logVRP,2026-05-09T05:03:38+00:00,3d35576fdda56d696c02b89bec6e0b3f,137372,data/png/Chaiten/20260509_050338_COMB_logVRP.png
2026-05-09T05:42:40.953986+00:00,Chaiten,COMB,Dist,2026-05-09T05:03:45+00:00,690b44d0631101a63f751a41b38111f1,104805,data/png/Chaiten/20260509_050345_COMB_Dist.png
2026-05-09T05:50:51.986412+00:00,PuyehueCordonCaulle,VIIRS375,VRP,2026-05-09T05:46:37+00:00,aa63bc204e25319e9294eb05bd31622e,118083,data/png/PuyehueCordonCaulle/20260509_054637_VIIRS375_VRP.png
2026-05-09T05:50:52.331544+00:00,PuyehueCordonCaulle,VIIRS375,logVRP,2026-05-09T05:46:39+00:00,30799249975c3100f56989082f4477f5,147303,data/png/PuyehueCordonCaulle/20260509_054639_VIIRS375_logVRP.png
2026-05-09T05:50:52.688034+00:00,PuyehueCordonCaulle,VIIRS375,Dist,2026-05-09T05:46:43+00:00,256d7e8856bd79f56a8d9071634ad6f4,110160,data/png/PuyehueCordonCaulle/20260509_054643_VIIRS375_Dist.png
2026-05-09T05:50:53.189206+00:00,PuyehueCordonCaulle,VIIRS375,Latest10NTI,2026-05-09T05:46:54+00:00,e126f4f2a07e6f3e452ae5640d800572,386927,data/png/PuyehueCordonCaulle/20260509_054654_VIIRS375_Latest10NTI.png
2026-05-09T05:50:53.527517+00:00,PuyehueCordonCaulle,COMB,VRP,2026-05-09T05:47:02+00:00,c4a6c305d282926cf7fb1359c1d1f9ef,127093,data/png/PuyehueCordonCaulle/20260509_054702_COMB_VRP.png
2026-05-09T05:50:53.869018+00:00,PuyehueCordonCaulle,COMB,logVRP,2026-05-09T05:47:05+00:00,88f7cdd01ebc5b20a750865f6b791081,154235,data/png/PuyehueCordonCaulle/20260509_054705_COMB_logVRP.png
2026-05-09T05:50:54.210494+00:00,PuyehueCordonCaulle,COMB,Dist,2026-05-09T05:47:12+00:00,61644766200aa7e2b8cc1ffefed63f20,114492,data/png/PuyehueCordonCaulle/20260509_054712_COMB_Dist.png
